workload,variant,structure,n,time_ms,steps,moves,comparisons
W1_RandomAccess,-,DynamicArray,100,0.049,10000,0,0
W1_RandomAccess,-,MyLinkedList,100,0.211,255745,0,0
W2_Search,-,DynamicArray,100,0.039,75861,0,75861
W2_Search,-,MyLinkedList,100,0.108,75861,0,75861
W3_InsertRemove,head,DynamicArray,100,0.094,1201120,1201120,0
W3_InsertRemove,head,MyLinkedList,100,0.021,1000,4000,0
W3_InsertRemove,middle,DynamicArray,100,0.146,1101120,1101120,0
W3_InsertRemove,middle,MyLinkedList,100,0.142,101999,7000,0
W4_PriorityProcessing,-,MinHeap,100,0.005,2920,1414,1069
W1_RandomAccess,-,DynamicArray,1000,0.032,10000,0,0
W1_RandomAccess,-,MyLinkedList,1000,2.721,2497236,0,0
W2_Search,-,DynamicArray,1000,0.328,734862,0,734862
W2_Search,-,MyLinkedList,1000,0.976,734862,0,734862
W3_InsertRemove,head,DynamicArray,1000,0.169,3001280,3001280,0
W3_InsertRemove,head,MyLinkedList,1000,0.017,1000,4000,0
W3_InsertRemove,middle,DynamicArray,1000,0.146,2001280,2001280,0
W3_InsertRemove,middle,MyLinkedList,1000,1.252,1001999,7000,0
W4_PriorityProcessing,-,MinHeap,1000,0.055,45594,20630,17322
W1_RandomAccess,-,DynamicArray,10000,0.008,10000,0,0
W1_RandomAccess,-,MyLinkedList,10000,29.286,25125556,0,0
W2_Search,-,DynamicArray,10000,3.407,7520612,0,7520612
W2_Search,-,MyLinkedList,10000,10.075,7520612,0,7520612
W3_InsertRemove,head,DynamicArray,10000,1.893,21010240,21010240,0
W3_InsertRemove,head,MyLinkedList,10000,0.016,1000,4000,0
W3_InsertRemove,middle,DynamicArray,10000,1.191,11010240,11010240,0
W3_InsertRemove,middle,MyLinkedList,10000,12.582,10001999,7000,0
W4_PriorityProcessing,-,MinHeap,10000,0.717,618288,269210,239284
W1_RandomAccess,-,DynamicArray,100000,0.010,10000,0,0
W1_RandomAccess,-,MyLinkedList,100000,295.293,248896755,0,0
W2_Search,-,DynamicArray,100000,34.553,74681441,0,74681441
W2_Search,-,MyLinkedList,100000,100.499,74681441,0,74681441
W3_InsertRemove,head,DynamicArray,100000,17.398,201000000,201000000,0
W3_InsertRemove,head,MyLinkedList,100000,0.016,1000,4000,0
W3_InsertRemove,middle,DynamicArray,100000,8.767,101000000,101000000,0
W3_InsertRemove,middle,MyLinkedList,100000,127.252,100001999,7000,0
W4_PriorityProcessing,-,MinHeap,100000,9.565,7911173,3421384,3059283
